Date,above_20,above_50,above_200
2023-01-02,,,
2023-01-03,,,
2023-01-04,,,
2023-01-05,,,
2023-01-06,,,
2023-01-09,,,
2023-01-10,,,
2023-01-11,,,
2023-01-12,,,
2023-01-13,,,
2023-01-16,,,
2023-01-17,,,
2023-01-18,,,
2023-01-19,,,
2023-01-20,,,
2023-01-25,,,
2023-01-26,,,
2023-01-27,,,
2023-01-30,,,
2023-01-31,80.10928961748634,,
2023-02-01,77.92349726775957,,
2023-02-02,78.79781420765028,,
2023-02-03,77.37704918032787,,
2023-02-06,73.33333333333333,,
2023-02-07,67.8688524590164,,
2023-02-08,72.56830601092896,,
2023-02-09,68.1967213114754,,
2023-02-10,59.89071038251366,,
2023-02-13,52.89617486338798,,
2023-02-14,55.95628415300546,,
2023-02-15,35.84699453551913,,
2023-02-16,44.69945355191257,,
2023-02-17,45.3551912568306,,
2023-02-20,46.557377049180324,,
2023-02-21,52.6775956284153,,
2023-02-22,38.907103825136616,,
2023-02-23,43.9344262295082,,
2023-02-24,35.30054644808743,,
2023-02-27,28.852459016393446,,
2023-02-28,33.442622950819676,,
2023-03-02,38.79781420765027,,
2023-03-03,40.32786885245901,,
2023-03-06,44.04371584699454,,
2023-03-07,47.10382513661202,,
2023-03-08,40.21857923497268,,
2023-03-09,39.89071038251366,,
2023-03-10,27.86885245901639,,
2023-03-13,23.387978142076502,,
2023-03-14,12.568306010928962,,
2023-03-15,17.923497267759565,27.322404371584703,
2023-03-16,15.628415300546447,25.136612021857925,
2023-03-17,19.12568306010929,27.431693989071036,
2023-03-20,19.89071038251366,26.120218579234972,
2023-03-21,21.311475409836063,26.010928961748636,
2023-03-22,21.311475409836063,26.557377049180324,
2023-03-23,19.78142076502732,24.808743169398905,
2023-03-24,20.655737704918035,25.46448087431694,
2023-03-27,21.639344262295083,25.245901639344265,
2023-03-28,30.491803278688522,29.2896174863388,
2023-03-29,38.142076502732245,32.021857923497265,
2023-03-30,50.38251366120219,35.19125683060109,
2023-03-31,52.568306010928964,34.53551912568306,
2023-04-03,58.36065573770492,37.37704918032787,
2023-04-04,70.16393442622952,40.76502732240437,
2023-04-05,72.45901639344262,40.76502732240437,
2023-04-06,62.295081967213115,37.049180327868854,
2023-04-07,64.26229508196721,38.907103825136616,
2023-04-10,50.81967213114754,36.17486338797814,
2023-04-11,61.31147540983607,40.87431693989071,
2023-04-12,69.2896174863388,45.79234972677595,
2023-04-13,73.55191256830601,49.50819672131148,
2023-04-14,79.01639344262294,54.97267759562842,
2023-04-17,79.23497267759562,56.393442622950815,
2023-04-18,76.6120218579235,54.09836065573771,
2023-04-19,80.65573770491802,59.01639344262295,
2023-04-20,70.7103825136612,56.17486338797815,
2023-04-21,57.096069868995635,49.61748633879781,
2023-04-24,42.685589519650655,42.841530054644814,
2023-04-25,35.917030567685586,38.142076502732245,
2023-04-26,31.4410480349345,37.814207650273225,
2023-04-27,31.590413943355124,37.814207650273225,
2023-04-28,31.699346405228756,37.923497267759565,
2023-05-02,38.88888888888889,44.59016393442623,
2023-05-03,37.58169934640523,44.37158469945356,
2023-05-04,39.54248366013072,46.775956284153004,
2023-05-08,49.23747276688453,52.02185792349727,
2023-05-09,48.15217391304348,51.693989071038246,
2023-05-10,44.565217391304344,51.80327868852459,
2023-05-11,49.673913043478265,53.98907103825137,
2023-05-12,38.58695652173913,49.18032786885246,
2023-05-15,37.28260869565217,46.666666666666664,
2023-05-16,35.869565217391305,45.79234972677595,
2023-05-17,41.630434782608695,48.306010928961754,
2023-05-18,48.04347826086956,51.256830601092894,
2023-05-19,55.760869565217384,56.17486338797815,
2023-05-22,63.80434782608696,60.54644808743169,
2023-05-23,64.23913043478261,61.420765027322396,
2023-05-24,64.13043478260869,61.20218579234973,
2023-05-25,55.108695652173914,56.393442622950815,
2023-05-26,44.891304347826086,50.7103825136612,
2023-05-30,46.08695652173913,52.6775956284153,
2023-05-31,42.391304347826086,48.52459016393443,
2023-06-01,42.173913043478265,48.96174863387978,
2023-06-02,49.891304347826086,53.333333333333336,
2023-06-05,60.21739130434782,56.939890710382514,
2023-06-07,60.86956521739131,58.46994535519126,
2023-06-08,57.49999999999999,56.98689956331878,
2023-06-09,59.89130434782609,57.751091703056765,
2023-06-12,56.30434782608695,54.91266375545851,
2023-06-13,54.130434782608695,55.786026200873366,
2023-06-14,44.45652173913043,48.25708061002179,
2023-06-15,36.95652173913043,44.44444444444444,
2023-06-16,44.45652173913043,50.43572984749455,
2023-06-19,47.17391304347826,52.069716775599126,
2023-06-20,47.06521739130435,50.98039215686274,
2023-06-21,40.32608695652174,46.73202614379085,
2023-06-22,40.76086956521739,47.5,
2023-06-23,31.630434782608695,40.76086956521739,
2023-06-26,33.69565217391305,42.82608695652174,
2023-06-27,34.85342019543974,43.369565217391305,
2023-06-28,35.46637744034707,43.15217391304348,
2023-06-29,26.35574837310195,34.56521739130435,
2023-06-30,31.23644251626898,39.45652173913044,
2023-07-03,36.22559652928417,43.369565217391305,
2023-07-04,34.490238611713664,41.08695652173913,
2023-07-05,32.10412147505423,37.608695652173914,
2023-07-06,24.295010845986983,31.41304347826087,
2023-07-07,21.36659436008677,27.608695652173914,
2023-07-10,21.800433839479393,27.608695652173914,
2023-07-11,26.35574837310195,30.978260869565215,
2023-07-12,30.47722342733189,31.41304347826087,
2023-07-13,33.33333333333333,31.956521739130434,
2023-07-14,34.523809523809526,34.78260869565217,
2023-07-17,35.4978354978355,34.130434782608695,
2023-07-18,27.27272727272727,27.608695652173914,
2023-07-19,27.380952380952383,26.195652173913043,
2023-07-20,29.545454545454547,27.500000000000004,
2023-07-21,30.735930735930733,27.608695652173914,
2023-07-24,21.96969696969697,21.630434782608695,
2023-07-25,21.96969696969697,22.065217391304348,
2023-07-26,12.770562770562771,15.760869565217392,
2023-07-27,19.047619047619047,19.782608695652172,
2023-07-28,21.753246753246753,20.32608695652174,
2023-07-31,31.16883116883117,23.91304347826087,
2023-08-01,40.25974025974026,27.391304347826086,
2023-08-02,35.28138528138528,25.543478260869566,
2023-08-03,34.307359307359306,25.65217391304348,
2023-08-04,41.55844155844156,28.913043478260867,
2023-08-07,41.883116883116884,28.47826086956522,
2023-08-08,35.60606060606061,26.92725298588491,
2023-08-09,41.77489177489178,29.609544468546638,
2023-08-10,49.02597402597403,33.51409978308026,
2023-08-11,56.81818181818182,36.117136659436014,
2023-08-14,51.19047619047619,34.164859002169194,
2023-08-16,37.44588744588744,26.89804772234273,
2023-08-17,30.08658008658009,24.40347071583514,
2023-08-18,30.41125541125541,24.295010845986983,
2023-08-21,32.142857142857146,25.813449023861175,
2023-08-22,31.926406926406926,26.572668112798265,
2023-08-23,30.303030303030305,25.59652928416486,
2023-08-24,34.74025974025974,27.765726681127983,
2023-08-25,33.62162162162162,28.463203463203463,
2023-08-28,44.972972972972975,33.874458874458874,
2023-08-29,54.81081081081081,37.66233766233766,
2023-08-30,57.729729729729726,40.04329004329004,
2023-08-31,54.16216216216216,40.58441558441558,
2023-09-01,51.567567567567565,38.41991341991342,
2023-09-04,53.2972972972973,39.935064935064936,
2023-09-05,50.16216216216216,38.961038961038966,
2023-09-06,44.648648648648646,37.98701298701299,
2023-09-07,34.37837837837838,32.03463203463203,
2023-09-08,44.21621621621622,37.22943722943723,
2023-09-11,50.810810810810814,41.23376623376623,
2023-09-12,44.432432432432435,37.66233766233766,
2023-09-13,40.43243243243243,36.47186147186147,
2023-09-14,47.02702702702703,41.34199134199134,
2023-09-15,55.507559395248386,47.4025974025974,
2023-09-18,52.48380129589633,45.34632034632035,
2023-09-19,47.19222462203024,43.61471861471862,
2023-09-20,44.49244060475162,42.316017316017316,
2023-09-21,29.265658747300215,33.44155844155844,
2023-09-22,26.457883369330453,32.142857142857146,
2023-09-25,24.190064794816415,30.1948051948052,
2023-09-26,16.846652267818573,24.891774891774894,
2023-09-27,20.086393088552914,26.731601731601735,
2023-10-04,12.203023758099352,19.37229437229437,
2023-10-05,11.339092872570195,18.29004329004329,
2023-10-06,16.630669546436287,21.1038961038961,
2023-10-10,15.442764578833692,20.12987012987013,
2023-10-11,20.518358531317496,24.350649350649352,
2023-10-12,26.565874730021598,26.515151515151516,
2023-10-13,27.429805615550755,25.405405405405407,
2023-10-16,23.542116630669547,23.56756756756757,
2023-10-17,29.697624190064797,26.378378378378383,
2023-10-18,32.50539956803456,28.10810810810811,
2023-10-19,21.57497303128371,22.486486486486488,
2023-10-20,15.857605177993527,17.945945945945947,
2023-10-23,13.484358144552319,15.567567567567567,
2023-10-24,19.093851132686083,17.72972972972973,
2023-10-25,28.37108953613808,21.72972972972973,21.092896174863387
2023-10-26,17.79935275080906,15.567567567567567,16.39344262295082
2023-10-27,19.41747572815534,16.324324324324323,17.04918032786885
2023-10-30,27.184466019417474,19.027027027027028,17.923497267759565
2023-10-31,23.624595469255663,17.62162162162162,17.48633879781421
2023-11-01,31.715210355987054,22.37837837837838,18.907103825136613
2023-11-02,40.51724137931034,23.783783783783786,21.639344262295083
2023-11-03,53.34051724137932,27.645788336933048,23.169398907103826
2023-11-06,74.13793103448276,38.01295896328294,26.120218579234972
2023-11-07,65.08620689655173,33.909287257019436,24.69945355191257
2023-11-08,62.06896551724138,33.04535637149028,24.371584699453553
2023-11-09,64.33189655172413,35.529157667386606,25.02732240437158
2023-11-10,57.650862068965516,33.477321814254864,24.153005464480877
2023-11-13,52.370689655172406,29.697624190064797,23.278688524590162
2023-11-14,64.87068965517241,35.63714902807775,24.808743169398905
2023-11-15,79.20258620689656,45.032397408207345,27.86885245901639
2023-11-16,80.81896551724138,47.840172786177106,29.617486338797818
2023-11-17,75.0,45.35637149028078,28.415300546448087
2023-11-20,80.17241379310344,51.295896328293736,29.94535519125683
2023-11-21,84.375,56.15550755939525,32.021857923497265
2023-11-22,83.83620689655173,59.71922246220303,33.005464480874316
2023-11-23,81.14224137931035,60.58315334773218,32.131147540983605
2023-11-24,80.38793103448276,61.33909287257019,33.114754098360656
2023-11-27,73.8146551724138,60.259179265658744,33.98907103825137
2023-11-28,71.55172413793103,62.20302375809935,34.75409836065574
2023-11-29,63.146551724137936,59.395248380129594,33.224043715846996
2023-11-30,65.30172413793103,63.646170442286945,34.75409836065574
2023-12-01,62.06896551724138,61.165048543689316,36.17486338797814
2023-12-04,62.06896551724138,63.32254584681769,36.721311475409834
2023-12-05,58.620689655172406,62.45954692556634,36.39344262295082
2023-12-06,57.974137931034484,64.72491909385113,37.267759562841526
2023-12-07,55.2801724137931,62.7831715210356,37.049180327868854
2023-12-08,58.51293103448276,65.69579288025889,37.923497267759565
2023-12-11,58.4051724137931,68.50053937432578,39.45355191256831
2023-12-12,58.189655172413794,69.25566343042071,38.46994535519126
2023-12-13,50.43103448275862,66.34304207119742,37.814207650273225
2023-12-14,52.7448869752422,68.85775862068965,38.68852459016394
2023-12-15,54.897739504843926,70.25862068965517,39.45355191256831
2023-12-18,56.88172043010753,70.36637931034483,39.89071038251366
2023-12-19,53.118279569892465,70.15086206896551,38.907103825136616
2023-12-20,62.58064516129033,74.35344827586206,40.98360655737705
2023-12-21,55.483870967741936,71.65948275862068,39.78142076502732
2023-12-22,57.096774193548384,73.92241379310344,40.65573770491803
2023-12-26,54.19354838709678,71.22844827586206,40.0
2023-12-27,38.81720430107527,59.48275862068966,34.31693989071039
2023-12-28,46.774193548387096,66.16379310344827,37.486338797814206
2024-01-02,50.0,62.60775862068966,37.704918032786885
2024-01-03,40.86021505376344,56.78879310344828,36.39344262295082
2024-01-04,36.12903225806451,54.418103448275865,35.40983606557377
2024-01-05,35.26881720430107,53.34051724137932,35.19125683060109
2024-01-08,35.483870967741936,50.53879310344828,34.20765027322405
2024-01-09,38.387096774193544,52.1551724137931,36.39344262295082
2024-01-10,36.02150537634409,49.46120689655172,35.84699453551913
2024-01-11,39.56989247311828,49.89224137931034,35.30054644808743
2024-01-12,33.44086021505376,45.150862068965516,33.66120218579235
2024-01-15,29.89247311827957,42.241379310344826,35.19125683060109
2024-01-16,25.6989247311828,37.28448275862069,32.677595628415304
2024-01-17,17.096774193548388,25.646551724137932,26.85589519650655
2024-01-18,18.817204301075268,25.754310344827587,27.62008733624454
2024-01-19,21.182795698924732,29.63362068965517,29.912663755458514
2024-01-22,21.827956989247312,27.586206896551722,28.27510917030568
2024-01-23,23.308270676691727,30.064655172413797,29.193899782135073
2024-01-24,21.804511278195488,27.262931034482758,27.450980392156865
2024-01-25,25.02685284640172,26.83189655172414,28.540305010893245
2024-01-26,29.21589688506982,28.987068965517242,28.86710239651416
2024-01-29,36.19763694951665,33.297413793103445,32.13507625272331
2024-01-30,41.245972073039745,36.167922497308936,33.551198257080614
2024-01-31,41.35338345864661,34.55328310010764,32.391304347826086
2024-02-01,51.34264232008593,45.59139784946237,38.69565217391304
2024-02-02,60.580021482277125,52.68817204301075,42.5
2024-02-05,59.93555316863588,52.473118279569896,42.391304347826086
2024-02-06,57.78732545649839,49.46236559139785,40.0
2024-02-07,62.513426423200855,52.903225806451616,42.71739130434782
2024-02-08,63.90977443609023,53.76344086021505,43.913043478260875
2024-02-13,70.89151450053706,57.31182795698925,45.76086956521739
2024-02-14,70.89151450053706,55.91397849462365,44.130434782608695
2024-02-15,70.46186895810956,54.83870967741935,43.80434782608696
2024-02-16,75.93984962406014,59.67741935483871,46.41304347826087
2024-02-19,80.88077336197637,63.655913978494624,49.02173913043478
2024-02-20,76.26208378088077,63.11827956989248,48.369565217391305
2024-02-21,72.50268528464017,60.43010752688171,46.630434782608695
2024-02-22,67.45435016111708,58.387096774193544,47.391304347826086
2024-02-23,61.76154672395274,56.236559139784944,46.630434782608695
2024-02-26,48.97959183673469,53.333333333333336,44.23913043478261
2024-02-27,33.08270676691729,44.623655913978496,40.869565217391305
2024-02-28,36.30504833512352,47.74193548387097,41.73913043478261
2024-02-29,33.619763694951665,45.16129032258064,41.84782608695652
2024-03-04,34.371643394199786,45.16129032258064,41.84782608695652
2024-03-05,30.71965628356606,43.333333333333336,40.32608695652174
2024-03-06,29.001074113856067,42.04301075268817,40.43478260869565
2024-03-07,28.141783029001072,39.89247311827957,38.58695652173913
2024-03-08,31.364124597207304,41.67561761546724,39.67391304347826
2024-03-11,28.4640171858217,40.6015037593985,40.0
2024-03-12,28.786251342642323,39.95703544575725,38.47826086956522
2024-03-13,29.860365198711065,41.245972073039745,39.67391304347826
2024-03-14,34.15682062298603,43.82384532760473,40.869565217391305
2024-03-15,32.33082706766917,42.534908700322234,40.43478260869565
2024-03-18,33.08270676691729,43.07196562835661,41.19565217391305
2024-03-19,31.041890440386684,42.64232008592911,39.565217391304344
2024-03-20,37.91621911922664,44.575725026852844,41.73913043478261
2024-03-21,46.723952738990334,48.5499462943072,43.648208469055376
2024-03-22,52.95381310418904,50.912996777658435,44.68546637744035
2024-03-25,51.4500537056928,50.805585392051555,45.01084598698482
2024-03-26,55.15021459227468,51.55746509129968,45.22776572668113
2024-03-27,53.32618025751073,50.805585392051555,45.119305856832966
2024-03-28,48.927038626609445,47.26100966702471,44.143167028199564
2024-03-29,41.84549356223176,41.67561761546724,42.624728850325376
2024-04-01,48.60515021459227,45.757250268528466,44.46854663774403
2024-04-02,40.343347639484975,41.13856068743287,43.38394793926248
2024-04-03,34.227467811158796,36.19763694951665,41.106290672451195
2024-04-04,35.1931330472103,36.09022556390977,42.19088937093275
2024-04-05,30.686695278969957,34.908700322234154,40.130151843817785
2024-04-08,26.824034334763947,32.33082706766917,38.20346320346321
2024-04-09,26.394849785407725,31.47153598281418,38.74458874458874
2024-04-11,24.570815450643778,28.356605800214822,37.22943722943723
2024-04-12,24.678111587982833,27.712137486573578,36.36363636363637
2024-04-15,23.390557939914164,26.100966702470462,35.38961038961039
2024-04-16,16.30901287553648,21.267454350161117,31.926406926406926
2024-04-17,17.27467811158798,20.83780880773362,31.70995670995671
2024-04-18,22.96137339055794,25.671321160042964,35.064935064935064
2024-04-19,19.742489270386265,23.630504833512354,33.549783549783555
2024-04-22,28.6480686695279,27.497314715359828,37.121212121212125
2024-04-23,32.29613733905579,29.108485499462944,37.77056277056277
2024-04-24,39.163090128755364,32.54564983888292,39.285714285714285
2024-04-25,40.02145922746781,31.041890440386684,40.04329004329004
2024-04-26,45.01607717041801,33.190118152524164,41.34199134199134
2024-04-29,63.022508038585215,40.38668098818475,43.18181818181818
2024-04-30,66.2379421221865,41.46079484425349,44.26406926406926
2024-05-02,66.13076098606645,41.78302900107411,43.93939393939394
2024-05-03,67.95284030010717,41.245972073039745,45.02164502164502
2024-05-07,73.41907824222936,44.79054779806659,45.34632034632035
2024-05-08,78.77813504823152,50.483351235230934,47.18614718614719
2024-05-09,74.81243301178992,49.194414607948445,46.64502164502164
2024-05-10,75.77706323687032,49.78540772532189,47.72727272727273
2024-05-13,70.63236870310826,48.712446351931334,47.4025974025974
2024-05-14,73.09753483386923,53.32618025751073,48.917748917748916
2024-05-16,75.88424437299035,56.75965665236051,51.082251082251084
2024-05-17,66.66666666666666,53.96995708154506,49.02597402597403
2024-05-20,63.9871382636656,54.613733905579394,49.458874458874455
2024-05-21,56.91318327974276,51.28755364806867,47.943722943722946
2024-05-22,54.448017148981776,51.072961373390555,48.80952380952381
2024-05-23,51.554126473740624,49.46351931330472,48.16017316017316
2024-05-24,43.729903536977496,46.3519313304721,46.7027027027027
2024-05-27,42.765273311897104,47.21030042918455,46.91891891891892
2024-05-28,42.443729903536976,46.88841201716738,46.91891891891892
2024-05-29,35.79849946409432,43.66952789699571,45.94594594594595
2024-05-30,29.903536977491964,39.91416309012876,43.24324324324324
2024-05-31,34.29796355841372,43.13304721030043,45.08108108108108
2024-06-03,44.90889603429796,50.96566523605151,48.75675675675676
2024-06-04,35.36977491961415,45.81545064377682,46.81081081081081
2024-06-05,35.54603854389722,46.3519313304721,47.24324324324324
2024-06-07,37.152034261241965,48.712446351931334,47.67567567567568
2024-06-10,37.79443254817988,48.06866952789699,48.10810810810811
2024-06-11,35.54603854389722,46.03004291845493,47.56756756756757
2024-06-12,38.97216274089936,48.712446351931334,48.54054054054054
2024-06-13,39.50749464668094,49.62486602357985,48.54054054054054
2024-06-14,39.50749464668094,48.55305466237942,48.75675675675676
2024-06-17,40.04282655246253,48.44587352625938,48.488120950323975
2024-06-18,40.471092077087796,48.98177920685959,47.94816414686825
2024-06-19,39.50749464668094,46.94533762057878,47.19222462203024
2024-06-20,45.93147751605996,50.053590568060024,47.51619870410367
2024-06-21,40.899357601713064,47.37406216505895,46.32829373650108
2024-06-24,33.61884368308351,42.336548767416936,44.70842332613391
2024-06-25,37.04496788008566,44.05144694533762,46.220302375809936
2024-06-26,34.68950749464668,42.443729903536976,44.81641468682505
2024-06-27,30.513918629550325,38.049303322615216,42.22462203023758
2024-06-28,36.50963597430407,41.37191854233655,45.35637149028078
2024-07-01,34.36830835117773,39.12111468381565,45.57235421166307
2024-07-02,29.1220556745182,34.726688102893895,41.68466522678186
2024-07-03,25.69593147751606,31.511254019292608,39.63282937365011
2024-07-04,29.657387580299787,34.29796355841372,41.252699784017274
2024-07-05,29.1220556745182,32.047159699892816,40.8207343412527
2024-07-08,32.54817987152035,34.51232583065381,42.44060475161987
2024-07-09,35.11777301927195,35.262593783494104,43.08855291576673
2024-07-10,36.29550321199144,36.548767416934616,44.49244060475162
2024-07-11,38.86509635974304,37.40621650589496,44.600431965442766
2024-07-12,40.68522483940043,38.47802786709539,45.415318230852215
2024-07-15,46.895074946466806,39.87138263665595,46.709816612729234
2024-07-16,46.680942184154176,40.943193997856376,45.9546925566343
2024-07-17,47.109207708779444,41.90782422293676,46.38619201725998
2024-07-18,43.46895074946467,39.61456102783726,44.66019417475729
2024-07-19,40.471092077087796,37.47323340471092,42.82632146709817
2024-07-22,33.40471092077088,32.76231263383298,41.53182308522114
2024-07-23,32.54817987152035,33.40471092077088,40.99244875943905
2024-07-24,32.22698072805139,32.76231263383298,40.88457389428263
2024-07-25,23.66167023554604,26.231263383297645,38.295577130528585
2024-07-26,31.65775401069519,30.94218415417559,40.19396551724138
2024-07-29,39.57219251336899,35.01070663811563,41.918103448275865
2024-07-30,34.11764705882353,32.01284796573876,40.40948275862069
2024-07-31,39.67914438502674,36.402569593147746,42.133620689655174
2024-08-01,46.20320855614973,39.186295503211994,43.85775862068966
2024-08-02,23.74331550802139,26.231263383297645,37.93103448275862
2024-08-05,3.4224598930481283,7.494646680942184,19.82758620689655
2024-08-06,7.379679144385026,12.312633832976445,27.04741379310345
2024-08-07,13.568376068376068,17.66595289079229,29.52586206896552
2024-08-08,16.98717948717949,19.37901498929336,31.25
2024-08-09,22.756410256410255,22.483940042826553,33.728448275862064
2024-08-12,28.0982905982906,25.160599571734476,35.3448275862069
2024-08-13,29.166666666666668,25.267665952890795,34.59051724137931
2024-08-14,34.93589743589743,27.301927194860813,35.883620689655174
2024-08-16,42.628205128205124,29.871520342612417,36.314655172413794
2024-08-19,41.13247863247863,29.443254817987153,35.991379310344826
2024-08-20,50.641025641025635,33.40471092077088,37.39224137931034
2024-08-21,55.23504273504274,34.1541755888651,37.28448275862069
2024-08-22,50.641025641025635,31.263383297644538,35.775862068965516
2024-08-23,51.06837606837607,32.11991434689507,36.422413793103445
2024-08-26,50.95948827292111,33.61884368308351,35.991379310344826
2024-08-27,53.5181236673774,34.36830835117773,36.74568965517241
2024-08-28,49.57356076759062,31.905781584582442,35.237068965517246
2024-08-29,45.41577825159915,32.22698072805139,33.4051724137931
2024-08-30,52.771855010660985,33.40471092077088,34.80603448275862
2024-09-02,52.23880597014925,31.370449678800856,33.83620689655172
2024-09-03,49.57356076759062,34.1541755888651,34.26724137931034
2024-09-04,28.14498933901919,23.87580299785867,29.41810344827586
2024-09-05,25.79957356076759,24.62526766595289,29.094827586206897
2024-09-06,18.976545842217483,20.449678800856532,26.83189655172414
2024-09-09,18.550106609808104,21.92513368983957,26.480086114101187
2024-09-10,19.402985074626866,21.92513368983957,27.125941872981702
2024-09-11,17.16417910447761,19.893048128342247,25.913978494623656
2024-09-12,23.773987206823026,24.598930481283425,28.279569892473116
2024-09-13,32.80085197018104,29.09090909090909,30.752688172043012
2024-09-19,38.871139510117146,31.44385026737968,31.397849462365592
2024-09-20,45.580404685835994,34.973262032085564,32.795698924731184
2024-09-23,47.284345047923324,34.75935828877005,31.505376344086024
2024-09-24,56.975505857295,38.88888888888889,33.655913978494624
2024-09-25,56.443024494142705,36.324786324786324,32.903225806451616
2024-09-26,68.15761448349308,44.123931623931625,35.80645161290323
2024-09-27,69.1160809371672,45.83333333333333,36.666666666666664
2024-09-30,57.82747603833865,38.46153846153847,33.33333333333333
2024-10-02,45.367412140575084,32.69230769230769,30.430107526881724
2024-10-04,47.390841320553776,34.294871794871796,31.182795698924732
2024-10-07,57.50798722044729,41.02564102564102,31.93548387096774
2024-10-08,53.567625133120345,37.39316239316239,31.182795698924732
2024-10-10,53.99361022364217,39.52991452991453,31.72043010752688
2024-10-11,52.928647497337586,40.491452991452995,31.61290322580645
2024-10-14,51.43769968051119,42.0940170940171,32.15053763440861
2024-10-15,50.58572949946751,43.49680170575693,32.795698924731184
2024-10-16,45.473908413205535,42.430703624733475,32.043010752688176
2024-10-17,41.32055378061768,40.93816631130064,31.93548387096774
2024-10-18,37.06070287539936,38.272921108742004,30.53763440860215
2024-10-21,37.167199148029816,39.6588486140725,31.72043010752688
2024-10-22,28.541001064962728,34.00852878464819,30.290010741138563
2024-10-23,28.328008519701807,35.07462686567165,28.678839957035446
2024-10-24,27.263045793397232,32.08955223880597,29.32330827067669
2024-10-25,24.38764643237487,30.597014925373134,27.926960257787325
2024-10-28,29.179978700745473,33.47547974413646,29.32330827067669
2024-10-29,30.425531914893618,33.04904051172708,29.430719656283564
2024-10-30,31.27659574468085,31.769722814498934,29.96777658431794
2024-10-31,34.361702127659576,34.64818763326226,29.430719656283564
2024-11-01,28.191489361702125,32.72921108742004,27.926960257787325
2024-11-04,37.87234042553192,35.78274760383386,29.430719656283564
2024-11-05,41.59574468085106,37.273695420660275,30.290010741138563
2024-11-06,40.1063829787234,37.273695420660275,29.96777658431794
2024-11-07,38.297872340425535,37.167199148029816,29.64554242749731
2024-11-08,38.297872340425535,35.88924387646432,29.108485499462944
2024-11-11,27.23404255319149,30.138445154419596,27.06766917293233
2024-11-12,19.25531914893617,22.257720979765708,23.8453276047261
2024-11-13,11.914893617021278,16.719914802981894,20.30075187969925
2024-11-14,15.53191489361702,19.169329073482427,21.697099892588614
2024-11-15,18.19148936170213,20.66027689030884,22.341568206229862
2024-11-18,22.872340425531913,23.74866879659212,23.523093447905477
2024-11-19,24.680851063829788,24.17465388711395,23.09344790547798
2024-11-20,27.76595744680851,23.85516506922258,23.8453276047261
2024-11-21,28.936170212765955,25.559105431309902,24.06015037593985
2024-11-22,33.61702127659574,26.517571884984026,24.2749731471536
2024-11-25,38.82978723404255,29.28647497337593,25.13426423200859
2024-11-26,42.340425531914896,31.52289669861555,25.671321160042964
2024-11-27,42.02127659574468,31.309904153354633,25.671321160042964
2024-11-28,47.02127659574468,32.694355697550584,26.100966702470462
2024-11-29,36.06382978723404,29.179978700745473,24.919441460794843
2024-12-02,30.21276595744681,24.920127795527154,22.986036519871107
2024-12-03,41.976620616365565,30.77742279020234,26.96025778732546
2024-12-04,33.36875664187035,25.878594249201274,24.06015037593985
2024-12-05,25.292242295430395,20.55378061767838,20.83780880773362
2024-12-06,21.572794899043572,19.808306709265175,20.0859291084855
2024-12-09,10.945802337938364,13.525026624068156,17.078410311493016
2024-12-10,23.16684378320935,19.148936170212767,21.482277121374864
2024-12-11,39.957492029755585,28.297872340425535,24.489795918367346
2024-12-12,48.14027630180659,32.659574468085104,26.638023630504833
2024-12-13,57.49202975557917,35.851063829787236,28.141783029001072
2024-12-16,59.4048884165781,37.02127659574468,27.497314715359828
2024-12-17,59.93623804463337,36.59574468085106,27.712137486573578
2024-12-18,65.35600425079703,41.06382978723404,28.141783029001072
2024-12-19,53.347502656748134,36.38297872340426,27.145922746781114
2024-12-20,43.03931987247609,31.48936170212766,25.643776824034337
2024-12-23,57.917109458023376,38.82978723404255,27.145922746781114
2024-12-24,57.279489904357064,39.787234042553195,27.360515021459225
2024-12-26,53.45377258235919,38.08510638297872,26.824034334763947
2024-12-27,28.662420382165603,25.957446808510635,21.566523605150216
2024-12-30,32.802547770700635,25.53191489361702,21.67381974248927
2025-01-02,35.56263269639066,28.191489361702125,21.244635193133046
2025-01-03,50.318471337579616,32.4468085106383,22.746781115879827
2025-01-06,57.85562632696391,39.361702127659576,23.819742489270386
2025-01-07,58.59872611464968,39.57446808510638,24.034334763948497
2025-01-08,58.067940552016985,42.23404255319149,24.570815450643778
2025-01-09,51.38004246284501,43.51063829787234,24.78540772532189
2025-01-10,54.45859872611465,44.46808510638298,25.0
2025-01-13,46.07218683651805,40.53191489361702,24.463519313304722
2025-01-14,48.30148619957537,43.40425531914894,24.892703862660944
2025-01-15,43.37221633085896,40.319148936170215,24.78540772532189
2025-01-16,50.05302226935313,45.1063829787234,25.858369098712448
2025-01-17,51.21951219512195,46.1211477151966,26.931330472103003
2025-01-20,51.537645811240715,47.39638682252922,26.609442060085836
2025-01-21,48.568398727465535,46.75876726886291,26.931330472103003
2025-01-22,47.77542372881356,47.07757704569607,27.57510729613734
2025-01-23,38.66525423728814,42.18916046758767,26.473740621650588
2025-01-24,42.05508474576271,44.845908607863976,27.009646302250808
2025-01-31,38.983050847457626,42.93304994686504,26.152197213290464
2025-02-03,24.576271186440678,31.0308182784272,23.579849946409432
2025-02-04,29.76694915254237,37.40701381509033,25.937834941050376
2025-02-05,31.991525423728813,40.06376195536664,26.366559485530544
2025-02-06,41.73728813559322,46.1211477151966,27.438370846730976
2025-02-07,38.8771186440678,43.676939426142404,26.902465166130764
2025-02-10,39.72457627118644,42.93304994686504,26.902465166130764
2025-02-11,42.58474576271186,45.69606801275239,27.224008574490888
2025-02-12,40.46610169491525,44.739638682252924,27.652733118971064
2025-02-13,47.98728813559322,49.62805526036132,29.474812433011788
2025-02-14,50.21186440677966,51.11583421891604,30.439442658092176
2025-02-17,56.46186440677966,55.095541401273884,32.154340836012864
2025-02-18,58.89830508474576,55.9447983014862,33.440514469453376
2025-02-19,66.10169491525424,59.12951167728237,33.86923901393355
2025-02-20,69.49152542372882,61.3588110403397,34.51232583065381
2025-02-21,72.03389830508475,63.481953290870486,35.69131832797427
2025-02-24,72.77542372881356,65.18046709129511,35.262593783494104
2025-02-25,69.70338983050848,63.16348195329087,34.61950696677385
2025-02-26,72.77542372881356,65.07430997876857,36.655948553054664
2025-02-27,68.75,61.67728237791932,35.69131832797427
2025-02-28,43.43220338983051,46.602972399150744,30.97534833869239
2025-03-04,35.91101694915254,41.71974522292994,30.54662379421222
2025-03-05,47.83068783068783,51.74973488865323,34.19078242229367
2025-03-06,48.99470899470899,52.59809119830329,34.68950749464668
2025-03-07,45.82010582010582,51.007423117709436,34.36830835117773
2025-03-10,45.60846560846561,50.37115588547189,34.1541755888651
2025-03-11,35.76719576719577,43.584305408271476,32.22698072805139
2025-03-12,35.87301587301587,45.65677966101695,32.441113490364025
2025-03-13,32.27513227513227,44.49152542372881,32.76231263383298
2025-03-14,35.23809523809524,45.97457627118644,34.04710920770878
2025-03-17,38.3068783068783,47.03389830508475,34.26124197002141
2025-03-18,39.25925925925926,47.45762711864407,34.04710920770878
2025-03-19,41.7989417989418,49.57627118644068,35.11777301927195
2025-03-20,40.10582010582011,46.92796610169492,34.1541755888651
2025-03-21,37.354497354497354,44.91525423728814,33.40471092077088
2025-03-24,39.682539682539684,45.65677966101695,33.940042826552464
2025-03-25,34.81481481481482,43.00847457627119,32.65524625267666
2025-03-26,35.978835978835974,43.96186440677966,32.22698072805139
2025-03-27,33.65079365079365,40.14830508474576,30.94218415417559
2025-03-28,24.021164021164022,31.991525423728813,27.62312633832976
2025-03-31,12.592592592592592,22.245762711864405,23.126338329764454
2025-04-01,21.904761904761905,29.13135593220339,26.445396145610278
2025-04-02,21.693121693121693,27.11864406779661,25.588865096359743
2025-04-03,19.25925925925926,25.423728813559322,24.51820128479657
2025-04-04,25.185185185185183,29.55508474576271,26.231263383297645
2025-04-07,13.544973544973546,16.41949152542373,20.556745182012847
2025-04-08,17.77777777777778,20.44491525423729,20.985010706638114
2025-04-09,14.708994708994707,17.478813559322035,18.629550321199144
2025-04-10,26.849894291754755,28.072033898305083,25.69593147751606
2025-04-11,33.57972544878564,30.720338983050848,27.51605995717345
2025-04-14,40.9714889123548,33.58050847457627,29.229122055674516
2025-04-15,52.9039070749736,40.36016949152542,32.11991434689507
2025-04-16,51.74234424498416,38.94179894179894,31.69164882226981
2025-04-17,59.450897571277714,43.80952380952381,33.83297644539615
2025-04-18,68.84899683210138,48.46560846560847,36.188436830835116
2025-04-21,72.3336853220697,49.84126984126984,37.58029978586724
2025-04-22,73.7064413938754,51.216931216931215,38.32976445396146
2025-04-23,82.78775079197466,55.87301587301587,40.149892933618844
2025-04-24,82.47096092925025,56.08465608465608,40.364025695931474
2025-04-25,87.11721224920802,60.317460317460316,42.56684491978609
2025-04-28,82.68215417106653,59.36507936507937,41.49732620320856
2025-04-29,86.06124604012672,65.07936507936508,45.775401069518715
2025-04-30,82.15417106652588,63.17460317460317,44.17112299465241
2025-05-02,79.83104540654699,63.17460317460317,44.49197860962567
2025-05-07,78.66948257655754,65.07936507936508,44.06417112299465
2025-05-08,78.35269271383316,67.4074074074074,46.096256684491976
2025-05-09,71.38331573389651,64.65608465608466,44.38502673796791
2025-05-12,74.44561774023232,70.8994708994709,47.32905982905983
2025-05-13,71.48891235480464,71.11111111111111,48.29059829059829
2025-05-14,72.54487856388594,73.54497354497354,51.70940170940172
2025-05-15,67.47624076029567,69.1005291005291,50.74786324786324
2025-05-16,58.81731784582893,64.86772486772486,48.93162393162393
2025-05-19,48.7856388595565,59.470899470899475,46.794871794871796
2025-05-20,50.263991552270326,62.01058201058201,49.14529914529914
2025-05-21,52.37592397043295,64.65608465608466,49.89316239316239
2025-05-22,49.524815205913406,61.48148148148148,47.97008547008547
2025-05-23,50.89757127771911,61.7989417989418,49.14529914529914
2025-05-26,56.177402323125655,66.24338624338625,52.35042735042735
2025-05-27,54.91024287222809,66.06765327695561,52.029914529914535
2025-05-28,59.23970432946146,68.84899683210138,55.11727078891258
2025-05-29,69.27138331573389,73.49524815205913,59.70149253731343
2025-05-30,66.84266103484688,71.70010559662092,60.021321961620465
2025-06-02,64.20274551214361,70.11615628299894,59.594882729211086
2025-06-04,76.55755015839493,76.02956705385428,63.53944562899787
2025-06-05,80.35902851108764,79.83104540654699,65.99147121535182
2025-06-09,85.00527983104541,81.83738120380147,69.29637526652452
2025-06-10,85.21647307286166,82.99894403379092,69.29637526652452
2025-06-11,86.6948257655755,83.9493136219641,70.8955223880597
2025-06-12,87.64519535374869,85.53326293558607,71.10874200426439
2025-06-13,77.40232312565998,79.5142555438226,67.80383795309169
2025-06-16,78.77507919746569,79.93664202745512,68.23027718550107
2025-06-17,76.34635691657867,78.14149947201689,67.80383795309169
2025-06-18,75.29039070749735,77.8247096092925,68.86993603411514
2025-06-19,73.81203801478352,78.4582893347413,69.1160809371672
2025-06-20,76.26582278481013,80.78141499472017,70.71352502662407
2025-06-23,59.81012658227848,74.12882787750792,67.8381256656017
2025-06-24,74.78902953586498,79.83104540654699,71.99148029818956
2025-06-25,74.26160337552743,79.93664202745512,71.77848775292864
2025-06-26,60.44303797468354,76.66314677930306,69.6485623003195
2025-06-27,48.83966244725738,71.70010559662092,67.94462193823216
2025-06-30,50.210970464135016,72.54487856388594,69.54206602768903
2025-07-01,66.24472573839662,77.19112988384371,72.4174653887114
2025-07-02,65.084388185654,77.93030623020063,73.9084132055378
2025-07-03,70.46413502109705,80.78141499472017,75.50585729499467
2025-07-04,55.06329113924051,76.76874340021119,74.33439829605963
2025-07-07,53.270042194092824,75.92397043294613,73.80191693290735
2025-07-08,62.236286919831215,77.71911298838438,74.33439829605963
2025-07-09,70.9915611814346,79.83104540654699,76.46432374866879
2025-07-10,75.52742616033755,82.47096092925025,77.10330138445154
2025-07-11,75.84388185654008,83.21013727560718,77.31629392971246
2025-07-14,77.1097046413502,82.47096092925025,77.10330138445154
2025-07-15,76.16033755274262,81.09820485744457,77.10330138445154
2025-07-16,67.9324894514768,78.03590285110876,74.97337593184238
2025-07-17,67.9324894514768,79.30306230200634,76.35782747603834
2025-07-18,62.34177215189873,78.98627243928195,76.57082002129926
2025-07-21,59.28270042194092,80.14783526927138,76.46432374866879
2025-07-22,46.94092827004219,75.39598732840548,74.86687965921193
2025-07-23,44.40928270042194,74.65681098204857,75.50585729499467
2025-07-24,33.755274261603375,68.10982048574445,73.58892438764644
2025-07-25,31.223628691983123,65.99788806758184,73.72340425531915
2025-07-28,22.046413502109704,52.48152059134108,70.42553191489361
2025-07-29,22.362869198312236,54.69904963041182,70.1063829787234
2025-07-30,24.894514767932492,54.38225976768744,71.59574468085106
2025-07-31,24.261603375527425,53.32629355860612,70.0
2025-08-01,11.286919831223628,26.79324894514768,63.51063829787233
2025-08-04,13.291139240506327,33.016877637130804,65.95744680851064
2025-08-05,18.459915611814345,37.65822784810127,67.5531914893617
2025-08-06,24.47257383966245,40.92827004219409,69.46808510638299
2025-08-07,27.004219409282697,41.561181434599156,68.82978723404256
2025-08-08,29.746835443037973,39.66244725738397,70.63829787234043
2025-08-11,28.902953586497894,37.0253164556962,69.8936170212766
2025-08-12,29.324894514767934,35.0210970464135,69.25531914893617
2025-08-13,30.063291139240505,33.33333333333333,69.14893617021278
2025-08-14,32.278481012658226,33.22784810126582,69.57446808510637
2025-08-18,25.105485232067508,27.953586497890292,65.0
2025-08-19,23.312236286919834,26.476793248945146,63.72340425531915
2025-08-20,19.72573839662447,22.9957805907173,61.06382978723405
2025-08-21,23.523206751054854,24.68354430379747,62.34042553191489
2025-08-22,25.52742616033755,24.68354430379747,63.08510638297873
2025-08-25,31.751054852320674,28.164556962025316,64.8936170212766
2025-08-26,29.746835443037973,26.68776371308017,64.14893617021276
2025-08-27,29.85232067510549,25.105485232067508,63.51063829787233
2025-08-28,35.232067510548525,25.949367088607595,63.191489361702125
2025-08-29,33.614330874604846,25.31645569620253,62.23404255319149
2025-09-01,26.55426765015806,23.10126582278481,59.93623804463337
2025-09-02,28.02950474183351,22.9957805907173,59.93623804463337
2025-09-03,31.822971548998947,23.945147679324894,61.317747077577046
2025-09-04,37.93466807165437,25.738396624472575,62.48671625929861
2025-09-05,43.203371970495255,27.42616033755274,63.23060573857598
2025-09-08,49.84193888303478,30.27426160337553,64.71838469713072
2025-09-09,57.428872497365646,33.54430379746836,65.56854410201913
2025-09-10,65.85879873551106,38.607594936708864,66.84378320935174
2025-09-11,69.23076923076923,40.50632911392405,67.90648246546228
2025-09-12,75.34246575342466,43.67088607594937,68.9691817215728
2025-09-15,72.81348788198103,46.94092827004219,68.43783209351754
2025-09-16,69.33614330874605,43.56540084388186,67.37513283740701
2025-09-17,64.69968387776606,42.29957805907173,66.52497343251859
2025-09-18,69.0200210748156,46.20253164556962,69.1817215727949
2025-09-19,61.74920969441517,43.459915611814345,66.7375132837407
2025-09-22,58.06111696522655,43.037974683544306,65.46227417640807
2025-09-23,50.474183350895686,41.66666666666667,64.61211477151966
2025-09-24,37.93466807165437,36.49789029535865,62.101910828025474
2025-09-25,35.40569020021075,35.86497890295359,61.67728237791932
2025-09-26,22.444678609062173,28.375527426160335,56.90021231422505
2025-09-29,29.50474183350896,33.22784810126582,59.660297239915074
2025-09-30,25.500526870389884,32.594936708860764,59.023354564755834
2025-10-01,24.341412012644888,34.38818565400844,59.660297239915074
2025-10-02,30.453108535300316,38.08016877637131,60.29723991507431
2025-10-10,25.18440463645943,34.177215189873415,57.64331210191082
2025-10-13,24.552160168598526,31.856540084388186,56.475583864118896
2025-10-14,24.446786090621707,29.85232067510549,55.30785562632696
2025-10-15,35.08956796628029,38.607594936708864,59.97876857749469
2025-10-16,40.67439409905163,42.19409282700422,60.44538706256628
2025-10-17,34.66807165437302,36.986301369863014,58.430540827147404
2025-10-20,42.04425711275026,41.51738672286617,60.55143160127253
2025-10-21,44.0463645943098,41.72813487881981,59.490986214209975
2025-10-22,53.10853530031612,48.050579557428875,62.77836691410392
2025-10-23,46.4699683877766,44.25711275026343,61.33474576271186
2025-10-24,49.73656480505795,46.57534246575342,61.652542372881356
2025-10-27,57.63962065331928,51.106427818756586,63.029661016949156
2025-10-28,57.63962065331928,51.633298208640674,63.24152542372882
2025-10-29,51.84404636459431,47.52370916754479,60.80508474576271
2025-10-30,42.781875658587985,42.781875658587985,57.6271186440678
2025-10-31,40.042149631190725,40.67439409905163,57.309322033898304
2025-11-03,35.93256059009484,37.72391991570074,53.813559322033896
2025-11-04,35.368421052631575,38.14541622760801,54.8728813559322
2025-11-05,25.684210526315788,32.1390937829294,51.3771186440678
2025-11-06,34.31578947368421,37.302423603793464,54.02542372881356
2025-11-07,27.789473684210524,31.928345626975762,50.74152542372882
2025-11-10,45.26315789473684,44.67860906217071,55.720338983050844
2025-11-11,43.05263157894737,42.99262381454162,54.44915254237288
2025-11-12,57.263157894736835,52.3709167544784,58.686440677966104
2025-11-13,59.78947368421053,53.42465753424658,59.63983050847458
2025-11-14,50.0,48.577449947312964,56.67372881355932
2025-11-17,48.0,47.73445732349842,56.355932203389834
2025-11-18,31.789473684210527,37.93466807165437,51.80084745762712
2025-11-19,33.78947368421053,37.61854583772392,53.07203389830508
2025-11-20,45.05263157894737,46.15384615384615,56.144067796610166
2025-11-21,37.26315789473684,38.46153846153847,52.7542372881356
2025-11-24,34.21052631578947,37.19704952581665,51.059322033898304
2025-11-25,31.57894736842105,34.035827186512115,49.68220338983051
2025-11-26,47.1578947368421,42.465753424657535,54.23728813559322
2025-11-27,45.68421052631579,41.83350895679663,53.54497354497354
2025-11-28,54.84210526315789,45.8377239199157,56.507936507936506
2025-12-01,53.57894736842105,46.048472075869334,54.920634920634924
2025-12-02,60.631578947368425,51.633298208640674,57.460317460317455
2025-12-03,69.15789473684211,58.377239199157,60.52910052910053
2025-12-04,63.89473684210526,56.05900948366702,59.78835978835979
2025-12-05,69.47368421052632,61.327713382507895,62.116402116402114
2025-12-08,64.84210526315789,60.37934668071654,61.05820105820106
2025-12-09,62.63157894736842,59.852476290832456,60.423280423280424
2025-12-10,58.526315789473685,57.85036880927292,59.36507936507937
2025-12-11,66.42105263157895,60.90621707060063,62.43386243386243
2025-12-12,75.1578947368421,65.75342465753424,64.33862433862434
2025-12-15,71.6842105263158,64.80505795574288,63.597883597883595
2025-12-16,59.578947368421055,57.263157894736835,62.53968253968254
2025-12-17,62.0,60.94736842105263,63.28042328042328
2025-12-18,51.68421052631579,56.21052631578948,62.01058201058201
2025-12-19,57.89473684210527,59.78947368421053,63.28042328042328
2025-12-22,60.10526315789474,60.94736842105263,64.44444444444444
2025-12-23,49.684210526315795,56.736842105263165,62.01058201058201
2025-12-24,47.26315789473684,56.631578947368425,61.7989417989418
2025-12-26,37.26315789473684,52.84210526315789,60.211640211640216
2025-12-29,28.52631578947368,44.21052631578947,55.34391534391534
2025-12-30,25.157894736842106,41.578947368421055,54.920634920634924
2026-01-02,28.210526315789476,38.10526315789474,52.06349206349207
2026-01-05,30.105263157894736,38.94736842105263,52.38095238095239
2026-01-06,31.263157894736842,38.73684210526316,52.80423280423281
2026-01-07,25.263157894736842,34.21052631578947,49.2600422832981
2026-01-08,19.05263157894737,28.315789473684212,45.19535374868005
2026-01-09,22.42105263157895,31.789473684210527,46.356916578669484
2026-01-12,28.631578947368418,36.526315789473685,48.89123548046462
2026-01-13,33.36842105263158,36.73684210526316,48.7856388595565
2026-01-14,38.06519453207151,40.8421052631579,50.05279831045406
2026-01-15,41.85068349106204,41.368421052631575,51.63674762407603
2026-01-16,40.16824395373291,41.89473684210526,51.8479408658923
